<projectSettings>
  <projectSetting name="com.google.external-dependency-managerAnalyticsCookie" value="018e3742175248258c2ec09d7a7c45dd" />
  <projectSetting name="com.google.external-dependency-managerAnalyticsEnabled" value="True" />
  <projectSetting name="Google.IOSResolver.VerboseLoggingEnabled" value="False" />
  <projectSetting name="Google.PackageManagerResolver.VerboseLoggingEnabled" value="False" />
  <projectSetting name="Google.VersionHandler.VerboseLoggingEnabled" value="True" />
  <projectSetting name="Google.VersionHandler.VersionHandlingEnabled" value="True" />
  <projectSetting name="GooglePlayServices.PromptBeforeAutoResolution" value="False" />
  <projectSetting name="GooglePlayServices.UseJetifier" value="True" />
</projectSettings>